CREATE TABLE example_table (
    id SERIAL PRIMARY KEY,
    text_array TEXT[],
    varchar_array VARCHAR[]
);
INSERT INTO example_table (text_array, varchar_array) VALUES 
('{"text1", "text2", "text3"}', '{"vtext1", "vtext2"}'),
('{"another", "array", "of", "texts"}', '{"vtext3", "vtext4", "vtext5"}'),
('{"single element"}', '{"single varchar element"}');
CALL paradedb.create_bm25(
	index_name => 'example_table',
	table_name => 'example_table',
	key_field => 'id',
	text_fields => '{text_array: {}, varchar_array: {}}'
);
SELECT * FROM example_table.search('text_array:text1');
 id |     text_array      |  varchar_array  
----+---------------------+-----------------
  1 | {text1,text2,text3} | {vtext1,vtext2}
(1 row)

SELECT * FROM example_table.search('text_array:"single element"');
 id |     text_array     |       varchar_array        
----+--------------------+----------------------------
  3 | {"single element"} | {"single varchar element"}
(1 row)

SELECT * FROM example_table.search('varchar_array:varchar OR text_array:array');
 id |        text_array        |       varchar_array        
----+--------------------------+----------------------------
  3 | {"single element"}       | {"single varchar element"}
  2 | {another,array,of,texts} | {vtext3,vtext4,vtext5}
(2 rows)

